<!-- Ant makefile for ImageJ -->

<project name="ImageJ" default="run">

  <target name="compile" description="Compile everything.">
    <!-- First, ensure the build directory exists. -->
    <mkdir dir="build" />
    <!-- Build everything; add debug="on" to debug -->
    <javac srcdir="./ij" destdir="build" optimize="on" source="1.6" target="1.6" debug="on" includeantruntime="false" encoding="utf-8">
    </javac>
  </target>
  

  <target name="build" depends="compile" description="Build ij.jar.">
    <!-- Copy needed files into the build directory. -->
    <copy file="IJ_Props.txt" todir="build" />
    <copy file="images/microscope.gif" tofile="build/microscope.gif" />
    <copy file="images/about.jpg" tofile="build/about.jpg" />
	<copy file="plugins/MacAdapter.class" tofile="build/ij/plugin/MacAdapter.class" />
	<copy file="plugins/MacAdapter9.class" tofile="build/ij/plugin/MacAdapter9.class" /> 
    <copy todir="build/macros"><fileset dir="macros"/></copy>
    <!-- Build ij.jar. -->
    <jar jarfile="ij.jar" basedir="build"
         manifest="MANIFEST.MF" />
  </target>


  <target name="clean" description="Delete the build files.">
    <delete dir="build" />
    <delete file="ij.jar" />
  </target>


  <target name="run" depends="build" description="Build and run ImageJ.">
    <copy file="ij.jar" toDir=".." />
    <java maxmemory="640m" jar="ij.jar" fork="yes" />
  </target>
    

  <target name="run2" depends="build" description="Build and run ImageJ.">
    <!-- Run in ImageJ directory -->
    <copy file="ij.jar" toDir=".." />
    <java maxmemory="640m" dir=".." jar="ij.jar" fork="yes" />
  </target>

  <target name="zip" depends="clean" description="Build zrc.zip.">
    <zip zipfile="../src.zip"
       basedir=".."
       includes="source/**"
       excludes="source/.gdb_history source/.FBCIndex source/.FBCLockFolder/**"
    />
  </target>


  <target name="javadocs" description="Build the JavaDocs.">
    <delete dir="../api" />
    <mkdir dir="../api" />
    <javadoc 
           sourcepath="."
           encoding="utf-8"
           packagenames="ij.*"
           destdir="../api"
           author="true"
           version="true"
           use="true"
           windowtitle="ImageJ API">
    </javadoc>
  </target>
  
  
   </project>

